https,is_email_in_url,is_server_client_in_domain,is_shortened_url,is_spf_domain,is_tld_in_query_params,length_url,qty_and_path,qty_and_query,qty_and_url,qty_asterisk_query,qty_asterisk_url,qty_at_path,qty_at_query,qty_at_url,qty_comma_path,qty_comma_query,qty_comma_url,qty_dollar_path,qty_dollar_query,qty_dollar_url,qty_dot_domain,qty_dot_path,qty_dot_query,qty_dot_url,qty_equal_path,qty_equal_query,qty_equal_url,qty_hashtag_url,qty_hyphen_domain,qty_hyphen_path,qty_hyphen_query,qty_hyphen_url,qty_ip_resolved,qty_mx_servers,qty_nameservers,qty_params,qty_percent_path,qty_percent_query,qty_percent_url,qty_plus_query,qty_plus_url,qty_questionmark_query,qty_questionmark_url,qty_slash_path,qty_slash_query,qty_slash_url,qty_space_path,qty_space_query,qty_space_url,qty_tilde_path,qty_tilde_query,qty_tilde_url,qty_tld,qty_underline_path,qty_underline_query,qty_underline_url,qty_vowels_domain,redirect_count,time_domain_activation,time_domain_expiration,ttl_hostname,url
0,0,0,0,0,1,440,0,8,8,0,0,0,1,1,0,0,0,0,0,0,1,0,21,23,0,10,10,0,0,0,0,0,-1,0,0,9,0,0,0,0,0,1,2,2,13,17,0,0,0,0,0,0,1,0,18,18,11,-1,0.0,0.0,0,http://madeatthe.useramazonexperience.top/signim/?openid.pape.max_auth_age=0&amp;openid.return_to=https:/www.amazon.co.jp/?ref_=nav_em_hd_re_signin&amp;openid.identity=http:/specs.openid.net/auth/2.0/identifier_select&amp;openid.assoc_handle=jpflex&amp;openid.mode=checkid_setup&amp;key=a@b.c&amp;openid.claimed_id=http:/specs.openid.net/auth/2.0/identifier_select&amp;openid.ns=http:/specs.openid.net/auth/2.0&amp;ref_=nav_em_hd_clc_signin
0,0,0,0,1,0,36,0,0,0,0,0,0,0,0,0,0,0,0,0,0,1,1,0,3,0,0,0,0,0,0,0,0,1,1,7,0,0,0,0,0,0,0,0,1,0,3,0,0,0,0,0,0,1,0,0,0,4,-1,1445076457.0,1760695657.0,4502,http://89473.ihostfull.com/step1.php
0,0,0,0,1,0,68,0,0,0,0,0,0,0,0,0,0,0,0,0,0,1,0,0,2,0,0,0,0,0,0,0,0,1,2,4,0,0,0,0,0,0,0,0,3,0,5,0,0,0,0,0,0,1,0,0,0,5,-1,1491975433.0,1744436233.0,752,http://www.simtechglobal.com/wells/5d5f9394f243de9a1bab0f6d3046f80e/
1,0,0,0,1,0,38,0,0,0,0,0,0,0,0,0,0,0,0,0,0,1,1,0,2,0,0,0,0,0,0,0,0,4,5,2,0,0,0,0,0,0,0,0,2,0,4,0,0,0,0,0,0,1,0,0,0,4,0,1528098428.0,1749023228.0,377,https://bestwebfun.com/pt/gateway.html
1,0,0,0,1,0,20,0,0,0,0,0,0,0,0,0,0,0,0,0,0,1,0,0,1,0,0,0,0,0,0,0,0,6,1,3,0,0,0,0,0,0,0,0,1,0,3,0,0,0,0,0,0,1,0,0,0,0,4,876715200.0,1742936400.0,1127,https://vk.cc/9MJiZE
0,0,0,0,0,0,77,0,0,0,0,0,0,0,0,0,0,0,0,0,0,1,1,0,2,0,0,0,0,0,0,0,0,-1,0,0,0,0,0,0,0,0,0,0,5,0,7,0,0,0,0,0,0,1,0,0,0,9,-1,0.0,0.0,0,http://soberrecoverytreatment.com/moves/WellsFargo/WellsFargo/wells/wells.htm
0,0,0,0,1,0,58,0,0,0,0,0,0,0,0,0,0,0,0,0,0,1,0,0,2,0,0,0,0,0,0,0,0,2,1,4,0,0,0,0,0,0,0,0,5,0,7,0,0,0,2,0,2,1,0,0,0,4,0,874306800.0,1852441200.0,0,http://feedproxy.google.com/~r/f379ea/~3/7i3m1yxAQME/apmix
1,0,0,0,1,1,278,0,3,3,0,0,0,0,0,0,0,0,0,0,0,1,0,14,16,0,4,4,0,0,0,0,0,2,1,4,4,0,0,0,0,0,0,1,1,8,11,0,0,0,0,0,0,1,0,0,0,4,2,874306800.0,1852441200.0,0,https://accounts.google.com/ServiceLogin?service=cds&amp;passive=1209600&amp;continue=https://storage.cloud.google.com/staging.maintainancecomponeta.appspot.com/bsnnindex.html&amp;followup=https://storage.cloud.google.com/staging.maintainancecomponeta.appspot.com/bsnnindex.html
1,0,0,0,1,0,62,0,0,0,0,0,0,0,0,0,0,0,0,0,0,1,0,0,2,0,1,1,0,0,3,0,3,2,1,4,1,0,0,0,0,0,0,1,3,0,5,0,0,0,0,0,0,1,0,0,0,4,3,874306800.0,1852441200.0,0,https://sites.google.com/view/bt-see-your-bill/home?authuser=1
0,0,0,0,0,0,50,0,0,0,0,0,0,0,0,0,0,0,0,0,0,1,0,0,1,0,0,0,0,0,1,0,1,-1,0,0,0,0,0,0,0,0,0,0,4,0,6,0,0,0,0,0,0,1,0,0,0,3,-1,1578838846.0,1705069246.0,0,http://blueprint.sd/wp-content/themes/skand/update
1,0,0,0,0,0,77,0,0,0,0,0,0,0,0,0,0,0,0,0,0,2,0,0,3,0,0,0,0,0,2,0,2,-1,0,0,0,0,0,0,0,0,0,0,5,0,7,0,0,0,0,0,0,1,1,0,1,9,-1,0.0,0.0,0,https://www.sribrothersenterprises.co.in/wp-content/PayPal-2/mpp/update_info/
1,1,0,0,1,0,105,0,0,0,0,0,0,0,1,0,0,0,0,0,0,1,3,0,7,0,0,0,1,0,0,0,0,2,1,4,0,0,0,0,0,0,0,0,2,0,4,0,0,0,0,0,0,1,0,0,0,4,3,874306800.0,1852441200.0,0,https://storage.cloud.google.com/maintainancecomponeta.appspot.com/kayindex.html#jbcavin@prepaidlegal.com
1,0,0,0,0,0,123,0,0,0,0,0,0,0,0,0,0,0,0,0,0,1,0,0,1,1,2,3,0,0,1,0,1,-1,0,0,1,0,0,0,0,0,0,1,3,0,5,0,0,0,0,0,0,1,0,0,0,6,-1,0.0,0.0,0,https://newsimdigital.com/doc/cmd-login=77c8f8a6ca43d7c15bd362bb16c36674/?reff=ZTlmOTM5ZmUyZDUwZGY4YTc1MjQ2NDRjZTgyMjlhZTM=
1,0,0,0,1,0,29,0,0,0,0,0,0,0,0,0,0,0,0,0,0,1,0,0,2,0,0,0,0,0,0,0,0,4,5,2,0,0,0,0,0,0,0,0,1,0,3,0,0,0,0,0,0,1,0,0,0,6,1,1479919543.0,1890146743.0,0,https://yuuu6.codesandbox.io/
0,0,0,0,0,0,18,0,0,0,0,0,0,0,0,0,0,0,0,0,0,1,0,0,1,0,0,0,0,1,0,0,1,-1,0,0,0,0,0,0,0,0,0,0,1,0,3,0,0,0,0,0,0,1,0,0,0,1,-1,0.0,0.0,0,http://ms-365.net/
1,0,0,0,0,0,46,0,0,0,0,0,0,0,0,0,0,0,0,0,0,1,1,0,3,0,0,0,0,1,0,0,1,-1,0,0,0,0,0,0,0,0,0,0,1,0,3,0,0,0,0,0,0,1,0,0,0,10,-1,0.0,0.0,0,https://www.payee-securityaffair.org/Login.php
1,0,0,0,1,0,53,0,0,0,0,0,0,0,0,0,0,0,0,0,0,1,1,0,2,0,0,0,0,0,1,0,1,1,1,2,0,0,0,0,0,0,0,0,3,0,5,0,0,0,0,0,0,1,0,0,0,3,0,1515248647.0,1736173447.0,4502,https://blogsbro.com/wp-content/upgrade/onedrive.html
1,0,0,0,0,0,37,0,0,0,0,0,0,0,0,0,0,0,0,0,0,1,0,0,1,0,0,0,0,0,0,0,0,-1,0,0,0,0,0,0,0,0,0,0,3,0,5,0,0,0,0,0,0,1,0,0,0,10,-1,0.0,0.0,0,https://koimediaproductions.com/CD/a/
1,0,0,0,0,0,31,0,0,0,0,0,0,0,0,0,0,0,0,0,0,1,0,0,2,0,0,0,0,0,0,0,0,4,0,0,0,0,0,0,0,0,0,0,1,0,3,0,0,0,0,0,0,1,0,0,0,0,0,0.0,0.0,0,https://ash14213.mfs.gg/oxfIcqR
1,0,0,0,1,0,63,0,0,0,0,0,0,0,0,0,0,0,0,0,0,1,0,0,2,0,0,0,0,0,0,0,0,1,1,4,0,0,0,0,0,0,0,0,4,0,6,0,0,0,0,0,0,1,0,0,0,7,0,1481549141.0,1733961600.0,4502,https://www.studiogiardasrls.it/BRd09K41503T7073a/Undone/81481/
1,0,0,0,0,0,72,0,0,0,0,0,0,0,0,0,0,0,0,0,0,1,25,0,26,0,0,0,0,0,0,0,0,-1,0,0,0,0,0,0,0,0,0,0,4,0,6,0,0,0,0,0,0,1,0,0,0,5,-1,1389297267.0,1767988467.0,0,https://drcarmenmora.com/doc/info/dam/index.html........................
1,0,0,0,0,0,31,0,0,0,0,0,0,0,0,0,0,0,0,0,0,4,0,0,3,0,0,0,0,0,0,0,0,-1,0,0,0,0,0,0,0,0,0,0,1,0,3,0,0,0,0,0,0,0,0,0,0,0,-1,0.0,0.0,0,https://69.49.231.47/Huntington
1,0,0,0,0,0,55,0,0,0,0,0,0,0,0,0,0,0,0,0,0,1,0,0,2,3,0,3,0,0,0,0,0,-1,0,0,0,0,0,0,0,0,0,0,3,0,5,0,0,0,0,0,0,1,0,0,0,4,-1,1706852166.0,1706852166.0,0,https://8899valid.dozenergy.com/jy0zdi=/wzlmme=/gniotk=
1,0,0,0,1,0,101,0,0,0,0,0,0,0,0,0,0,0,0,0,0,1,0,0,2,0,0,0,0,0,1,0,1,2,1,4,0,0,0,0,0,0,0,0,5,0,7,0,0,0,0,0,0,1,0,0,0,4,0,874306800.0,1852441200.0,0,https://docs.google.com/forms/d/e/1FAIpQLScRSMi7Yivz8IYJ-bxL0GvtyhVodzXaq15fRcXyFz4YljtHKA/closedform
0,0,0,0,0,1,427,0,8,8,0,0,0,1,1,0,0,0,0,0,0,1,0,21,24,0,10,10,0,0,0,0,0,-1,0,0,9,0,0,0,0,0,1,2,2,13,17,0,0,0,0,0,0,1,0,18,18,3,-1,0.0,0.0,0,http://amazon.jp.sjzyeda.com/signim/?openid.pape.max_auth_age=0&amp;openid.return_to=https:/www.amazon.co.jp/?ref_=nav_em_hd_re_signin&amp;openid.identity=http:/specs.openid.net/auth/2.0/identifier_select&amp;openid.assoc_handle=jpflex&amp;openid.mode=checkid_setup&amp;key=a@b.c&amp;openid.claimed_id=http:/specs.openid.net/auth/2.0/identifier_select&amp;openid.ns=http:/specs.openid.net/auth/2.0&amp;ref_=nav_em_hd_clc_signin
1,0,0,0,0,0,80,0,0,0,0,0,0,0,0,0,0,0,0,0,0,1,0,0,3,1,0,1,0,1,0,0,1,-1,0,0,0,0,0,0,0,0,0,0,2,0,4,0,0,0,0,0,0,1,0,0,0,3,-1,0.0,0.0,0,https://services.runescape.com-vzla.ru/m=weblogin/loginform146728915151257412167
0,1,0,1,0,1,51,0,0,0,0,0,0,1,1,0,0,0,0,0,0,1,0,2,3,0,1,1,0,0,0,0,0,1,0,0,1,0,0,0,0,0,0,1,1,0,3,0,0,0,0,0,0,1,0,0,0,2,-1,1322971200.0,1764820800.0,0,http://bit.do/accesserver?email=Tariq.Shahab@sc.com
1,0,0,0,0,0,36,0,0,0,0,0,0,0,0,0,0,0,0,0,0,1,0,0,2,0,0,0,0,0,0,0,0,-1,0,0,0,0,0,0,0,0,0,0,3,0,5,0,0,0,0,0,0,1,0,0,0,4,-1,0.0,0.0,0,https://ra0.arvortex.de/notes/e0527/
1,0,0,0,0,0,109,0,2,2,0,0,0,0,0,0,0,0,0,0,0,1,1,0,3,0,2,2,0,1,0,0,1,-1,0,0,2,0,0,0,0,0,0,1,2,0,4,0,0,0,0,0,0,1,0,0,0,7,-1,0.0,0.0,0,https://royal.mail-redelivery5x7y.com/fee/user.php?&sessionid=f01f18eaec89816094bc3868f662d236&securessl=true
1,0,0,0,0,0,45,0,0,0,0,0,0,0,0,0,0,0,0,0,0,1,0,0,1,0,0,0,0,0,0,0,0,-1,0,0,0,0,0,0,0,0,0,0,3,0,5,0,0,0,0,0,0,1,2,0,2,4,-1,0.0,0.0,0,https://makem102day.com/usps_prod/eng_ketogt/
1,0,0,0,1,0,43,0,0,0,0,0,0,0,0,0,0,0,0,0,0,1,0,0,1,0,1,1,0,0,0,0,0,4,5,4,1,0,0,0,0,0,0,1,1,0,3,0,0,0,0,0,0,1,1,0,1,3,1,1457463747.0,1741478400.0,0,https://linktr.ee/paypal_us?userid=O8a9rPdP
0,0,0,0,1,0,64,0,0,0,0,0,0,0,0,0,0,0,0,0,0,1,0,0,2,0,0,0,0,0,1,0,1,1,1,2,0,0,0,0,0,0,0,0,5,0,7,0,0,0,0,0,0,1,0,0,0,9,-1,1082383313.0,1745071313.0,77,http://dev.klinikmatanusantara.com/log-au/mpp/signin/3669/websrc
1,0,0,0,1,0,54,0,0,0,0,0,0,0,0,0,0,0,0,0,0,1,0,0,2,0,0,0,0,0,0,0,0,2,2,8,0,0,0,0,0,0,0,0,2,0,4,0,0,0,0,0,0,1,0,0,0,2,0,919227600.0,1739750400.0,0,https://app.box.com/s/b9fu9axf9rcv7bhjp80fpcm8zna5wcwi
1,0,0,1,1,0,25,0,0,0,0,0,0,0,0,0,0,0,0,0,0,1,0,0,1,0,0,0,0,0,0,0,0,2,5,8,0,0,0,0,0,0,0,0,1,0,3,0,0,0,0,0,0,1,0,0,0,2,0,1068586106.0,1762896506.0,53,https://bitly.com/2NE0EpO
1,0,0,0,0,0,52,1,0,1,0,0,0,0,0,0,0,0,0,0,0,1,0,0,2,0,0,0,0,0,0,0,0,-1,0,0,0,0,0,0,0,0,0,0,2,0,4,0,0,0,0,0,0,1,0,0,0,6,-1,1505068090.0,1757528890.0,0,https://login.leadtradingsystem.com/AcceptedT&amp;C/
0,0,0,0,0,0,43,0,0,0,0,0,0,0,0,0,0,0,0,0,0,1,0,0,2,0,0,0,0,1,0,0,1,-1,0,0,0,0,0,0,0,0,0,0,1,0,3,0,0,0,0,0,0,1,0,0,0,6,-1,0.0,0.0,0,http://www.die-podcastschule.ch/mtbonline21
1,0,0,0,1,1,132,0,1,1,0,0,0,0,0,0,0,0,0,0,0,1,1,2,6,0,2,2,0,0,0,3,3,-1,0,0,2,0,0,0,0,0,1,2,1,0,3,0,0,0,0,0,0,1,0,2,2,4,-1,1523990546.0,1744848000.0,0,https://main.d1zyipwucg1zla.amplifyapp.com/zim.html?correo.zimbra.com?fromSignIn=true&amp;trk=guest_homepage-basic_nav-header-signin
1,0,0,0,0,0,46,0,0,0,0,0,0,0,0,0,0,0,0,0,0,1,0,0,4,0,0,0,0,1,0,0,1,-1,0,0,0,0,0,0,0,0,0,0,1,0,3,0,0,0,0,0,0,1,0,0,0,2,-1,0.0,0.0,0,https://www.httpsservices.runescape.com-dg.ru/
0,0,0,0,1,0,50,0,0,0,0,0,0,0,0,0,0,0,0,0,0,1,0,0,4,0,0,0,0,0,0,0,0,2,1,2,0,0,0,0,0,0,0,0,2,0,4,0,0,0,0,0,0,1,0,0,0,2,-1,1405158771.0,1752317571.0,3600,http://u1121816912.ha004.t.justns.ru/chnkpdr/8f8f0
0,0,0,0,0,0,57,0,0,0,0,0,0,0,0,0,0,0,0,0,0,1,0,0,1,0,0,0,0,0,0,0,0,-1,0,0,0,0,0,0,0,0,0,0,3,0,5,2,0,2,0,0,0,1,0,0,0,4,-1,0.0,0.0,0,http://qutevuvsmhgvc.com/Customer Care Center/mazon/fac2a
0,0,0,0,1,0,29,0,0,0,0,0,0,0,0,0,0,0,0,0,0,1,0,0,3,0,0,0,0,0,0,0,0,1,2,2,0,0,0,0,0,0,0,0,1,0,3,0,0,0,0,0,0,1,0,0,0,4,-1,1475710267.0,1728171060.0,0,http://pil.nxn.mybluehost.me/
0,0,0,0,0,0,45,0,0,0,0,0,0,0,0,0,0,0,0,0,0,2,1,0,3,0,0,0,0,0,0,0,0,1,0,0,0,0,0,0,0,0,0,0,2,0,4,0,0,0,0,0,0,1,0,0,0,8,0,1712275200.0,1752192000.0,0,http://tarologamarina.com.br/wp/medsintes.php
1,0,0,0,0,0,65,0,0,0,0,0,0,0,0,0,0,0,0,0,0,1,0,0,1,0,0,0,0,0,0,0,0,-1,0,0,0,0,0,0,0,0,0,0,3,0,5,0,0,0,0,0,0,1,0,0,0,2,-1,0.0,0.0,0,https://zawoz38.pl/media/Netflix/16de63b2df373d5a9da881c8a1c58794
1,0,0,0,0,0,33,0,0,0,0,0,0,0,0,0,0,0,0,0,0,1,0,0,2,0,0,0,0,0,0,0,0,-1,0,0,0,0,0,0,0,0,0,0,2,0,4,0,0,0,0,0,0,1,0,0,0,1,-1,0.0,0.0,0,https://amazon.zdrtkj.bar/signim/
1,0,0,0,1,0,44,0,0,0,0,0,0,0,0,0,0,0,0,0,0,1,1,0,3,0,0,0,0,0,0,0,0,4,7,2,0,0,0,0,0,0,0,0,3,0,5,0,0,0,0,0,0,1,0,0,0,2,0,1144828590.0,1744444590.0,377,https://kalendar.zn.ua/office1/temp/need.php
1,0,0,0,1,0,52,0,0,0,0,0,0,0,0,0,0,0,0,0,0,1,1,0,3,0,0,0,0,0,1,0,1,2,0,0,0,0,0,0,0,0,0,0,2,0,4,0,0,0,0,0,0,1,0,0,0,6,0,1106640000.0,1737763200.0,0,https://storage.googleapis.com/allenrr-22/appclg.htm
1,0,0,0,0,0,38,0,0,0,0,0,0,0,0,0,0,0,0,0,0,1,0,0,1,0,0,0,0,0,0,0,0,-1,0,0,0,0,0,0,0,0,0,0,2,0,4,0,0,0,0,0,0,1,0,0,0,5,-1,0.0,0.0,0,https://mpljhngpologneviipsx.ml/32ea4/
1,0,0,0,0,0,48,0,0,0,0,0,0,0,0,0,0,0,0,0,0,1,1,0,2,0,0,0,0,0,0,0,0,-1,0,0,0,0,0,0,0,0,0,0,1,0,3,0,0,0,0,0,0,1,0,0,0,14,-1,0.0,0.0,0,https://removenewunauthorisedpayee.com/Login.php
0,0,0,0,1,0,34,0,0,0,0,0,0,0,0,0,0,0,0,0,0,1,0,0,1,0,0,0,0,0,0,0,0,1,3,2,0,0,0,0,0,0,0,0,1,0,3,0,0,0,0,0,0,1,0,0,0,6,-1,1405540634.0,1752695834.0,4502,http://memphisspacenews.com/payapp
1,0,0,0,0,0,43,0,0,0,0,0,0,0,0,0,0,0,0,0,0,1,0,0,2,0,0,0,0,0,0,0,2,-1,0,0,0,0,0,0,0,0,0,0,1,0,3,0,0,0,0,0,0,1,0,0,0,5,-1,0.0,0.0,0,https://annazon-oplkfm-com.tuaiso.top/f70fd
1,0,0,0,1,0,51,0,0,0,0,0,0,0,0,0,0,0,0,0,0,1,0,0,1,0,0,0,0,0,0,0,0,1,2,3,0,0,0,0,0,0,0,0,3,0,5,0,0,0,0,0,0,1,0,0,0,10,-1,1592870400.0,1750636800.0,4502,https://solucionesortopedicas.mx/lite101/Excel/page
1,0,0,0,0,0,34,0,0,0,0,0,0,0,0,0,0,0,0,0,0,1,0,0,2,0,0,0,0,0,0,0,3,-1,0,0,0,0,0,0,0,0,0,0,1,0,3,0,0,0,0,0,0,1,0,0,0,2,-1,0.0,0.0,0,https://my-jcb-co-jp.stey777b.vip/
1,0,0,0,1,0,32,0,0,0,0,0,0,0,0,0,0,0,0,0,0,1,0,0,2,0,0,0,0,0,0,0,0,2,0,0,0,0,0,0,0,0,0,0,1,0,3,0,0,0,0,0,0,1,0,0,0,3,0,965026800.0,1722384000.0,0,https://betasus223.blogspot.com/
1,0,0,0,0,0,71,0,0,0,0,0,0,0,0,0,0,0,0,0,0,1,1,0,4,1,0,1,0,1,0,0,1,-1,0,0,0,0,0,0,0,0,0,0,2,0,4,0,0,0,0,0,0,1,0,0,0,2,-1,0.0,0.0,0,https://services.runescape.com-cn.ru/m=forum/forums.ws51423116718519373
0,0,0,0,0,0,96,0,0,0,0,0,0,0,0,0,0,0,0,0,0,1,1,0,3,0,1,1,0,0,0,0,1,2,0,0,1,0,0,0,0,0,0,1,1,0,3,0,0,0,0,0,0,1,0,0,0,5,-1,1377627240.0,1756318440.0,0,http://nocontent-tyvnrwno.velocityhub.com/nextVRF.html?location=f14f6a940e30bb65e19197c5ab163e37
0,0,0,0,1,0,61,0,0,0,0,0,0,0,0,0,0,0,0,0,0,1,1,0,2,0,0,0,0,0,1,0,1,3,5,2,0,0,0,0,0,0,0,0,4,0,6,0,0,0,0,0,0,1,1,0,1,8,2,944784064.0,1765324863.0,4502,http://orangevalechamber.com/web/wp-includes/js/AOL_Login.htm
0,0,0,0,0,0,67,0,0,0,0,0,0,0,0,0,0,0,0,0,0,1,0,0,4,0,0,0,0,0,0,0,2,2,0,0,0,0,0,0,0,0,0,0,1,0,3,0,0,0,0,0,0,1,0,0,0,3,0,1110421675.0,1741564800.0,0,http://tyacvhyxtjfhqtauvubhjpriwv-dot-gle39404049.rj.r.appspot.com/
0,0,0,0,0,0,34,0,0,0,0,0,0,0,0,0,0,0,0,0,0,1,0,0,4,0,0,0,0,0,0,0,0,-1,0,0,0,0,0,0,0,0,0,0,1,0,3,0,0,0,0,0,0,1,0,0,0,2,-1,0.0,0.0,0,http://arnozom.co.ip.es7cb.shop/pc
1,0,0,0,0,0,41,0,0,0,0,0,0,0,0,0,0,0,0,0,0,2,0,0,2,0,0,0,0,0,0,0,0,-1,0,0,0,0,0,0,0,0,0,0,2,0,4,0,0,0,0,0,0,1,0,0,0,7,-1,0.0,0.0,0,https://agendabeliving.com.br/law/Wissenz
1,0,0,0,0,0,33,0,0,0,0,0,0,0,0,0,0,0,0,0,0,1,0,0,4,0,0,0,0,0,0,0,0,-1,0,0,0,0,0,0,0,0,0,0,1,0,3,0,0,0,0,0,0,1,1,0,1,2,-1,0.0,0.0,0,https://amazon.co.jp.asd44.buzz/_
1,0,0,0,0,0,81,0,0,0,0,0,0,0,0,0,0,0,0,0,0,2,0,0,2,0,0,0,0,0,1,0,1,-1,0,0,0,0,0,0,0,0,0,0,5,0,7,0,0,0,0,0,0,1,0,0,0,4,-1,1571159705.0,1760548505.0,0,https://lomac.org.za/wp-includes/report/support/64ed6844c9e1369f6973e6af4de761de/
1,0,0,0,0,0,68,0,0,0,0,0,0,0,0,0,0,0,0,0,0,1,0,0,1,0,1,1,0,1,0,6,7,3,0,0,1,0,0,0,0,0,0,1,2,0,4,0,0,0,0,0,0,1,0,0,0,9,0,0.0,0.0,0,https://allegro-lokalniie.fun/oferta/?b=iphone-11-pro-gold-512-gb-19
0,0,0,0,0,0,32,0,0,0,0,0,0,0,0,0,0,0,0,0,0,1,0,0,2,0,0,0,0,0,0,0,0,1,0,0,0,0,0,0,0,0,0,0,1,0,3,0,0,0,0,0,0,1,0,0,0,2,-1,1216787918.0,1753245518.0,0,http://anamoreno27041.vzpla.net/
1,0,0,0,0,0,47,0,0,0,0,0,0,0,0,0,0,0,0,0,0,1,0,0,1,0,0,0,0,0,0,0,0,-1,0,0,0,0,0,0,0,0,0,0,2,0,4,0,0,0,0,0,0,1,0,0,0,10,-1,0.0,0.0,0,https://sparkassenkundendienstservice02.xyz/sp/
1,0,0,1,1,0,21,0,0,0,0,0,0,0,0,0,0,0,0,0,0,1,0,0,1,0,0,0,0,0,1,0,1,2,5,8,0,0,0,0,0,0,0,0,1,0,3,0,0,0,0,0,0,1,0,0,0,1,-1,1211061600.0,1968444000.0,0,https://bit.ly/MR-Pin
1,0,0,0,0,0,56,0,0,0,0,0,0,0,0,0,0,0,0,0,0,1,1,0,4,0,0,0,0,0,0,0,1,-1,0,0,0,0,0,0,0,0,0,0,2,0,4,0,0,0,0,0,0,1,0,0,0,2,-1,0.0,0.0,0,https://smbc-card.com.1ncuo06.cn/smbc/smbcupdatebill.php
0,0,0,0,1,0,91,0,0,0,0,0,0,0,0,0,0,0,0,0,0,1,0,0,2,0,0,0,0,0,1,0,1,1,5,2,0,0,0,0,0,0,0,0,6,0,8,0,0,0,0,0,0,1,0,0,0,7,1,1380286255.0,1853671855.0,377,http://www.cookeandkelvey.com/vendor/symfony/polyfill-mbstring/Resources/unidata/quotationh
0,0,0,0,0,0,61,0,0,0,0,0,0,0,0,0,0,0,0,0,0,1,15,0,17,0,0,0,0,0,0,0,0,-1,0,0,0,0,0,0,0,0,0,0,2,0,4,0,0,0,0,0,0,1,0,0,0,8,-1,0.0,0.0,0,http://www.pramitmedicalstore.com/ourtime/site...............
0,0,0,0,1,0,47,0,0,0,0,0,0,0,0,0,0,0,0,0,0,1,0,0,1,0,0,0,0,0,0,0,0,2,2,2,0,0,0,0,0,0,0,0,4,0,6,0,0,0,0,0,0,1,0,0,0,9,1,1486760230.0,1770757030.0,2252,http://andinorealestate.com/x01jss/NetVip/main/
1,0,0,0,1,0,271,0,3,3,0,0,0,0,0,0,0,0,0,0,0,1,1,0,3,0,5,5,0,0,0,4,5,2,1,4,4,0,0,0,1,1,0,1,7,2,11,0,0,0,0,0,0,1,3,1,4,5,1,902721600.0,1723161600.0,0,https://ersfilter-my.sharepoint.com/:x:/r/personal/nradonich_ersfilter_com/_layouts/15/WopiFrame.aspx?guestaccesstoken=t6T/HN1dKbYHlYX+eIMbaZufA43rrGZ6/aAAewNocDI=&docid=1_18168db23429e45f29fdf2e7be120efc4&wdFormId={B9970F62-44C3-4D09-9929-6E1EB652DA57}&action=formsubmit
0,0,0,0,0,0,30,0,0,0,0,0,0,0,0,0,0,0,0,0,0,1,0,0,3,0,0,0,0,1,0,0,1,-1,0,0,0,0,0,0,0,0,0,0,1,0,3,0,0,0,0,0,0,1,0,0,0,1,-1,0.0,0.0,0,http://www.mabp.s-fr.net/20b9e
0,0,0,0,0,0,57,0,0,0,0,0,0,0,0,0,0,0,0,0,0,1,1,0,4,0,1,1,0,0,0,0,0,-1,0,0,1,0,0,0,0,0,0,1,1,0,3,0,0,0,0,0,0,1,0,0,0,5,-1,1208462400.0,1744923600.0,0,http://u1319981.cp.regruhosting.ru/insta.php?id=936307458
1,0,0,0,0,0,69,0,0,0,0,0,0,1,1,0,0,0,0,0,0,1,1,1,4,0,1,1,0,0,0,0,2,-1,0,0,1,0,0,0,0,0,0,1,1,0,3,0,0,0,0,0,0,1,0,0,0,7,-1,1327430631.0,1737676800.0,0,https://online-adobe-storage.azurewebsites.net/index.html?email=a@a.c
1,0,0,0,1,0,437,0,0,0,0,0,0,0,0,0,0,0,0,0,0,1,0,0,3,0,1,1,0,0,0,11,11,16,2,6,1,0,0,0,0,0,0,1,2,0,4,0,0,0,0,0,0,1,0,1,1,3,0,1240218563.0,1808212163.0,90,https://u3703558.ct.sendgrid.net/ls/click?upn=jFiVDifEWtywQHvtb4S0mjMqMd736XJ67SwZH15tlKhzH9MW8M62o6Lxh33qty0jnUAMxh3vqgMnF0MGeuADhsRzg2RiEcL0LHZhGRx9Osodm8jx9asA-2Bj8-2BSfvNUwJ-2FxATS_Edz4cq2863RwwLHpMXwmdKUEyezvTB1yF-2B-2BlDANp5z-2BW0S7MRaaem3kM85VIEDQhawPD4AQGDiFg3ixq-2BeIKcEMwKaAOrpuYr4ywAI3tHdhxvBIgKPxdpZ-2FCJyT8XQ3Vu94MNrvKgHoahVqjXOUn09Ge2SjzlGgt2YfRUY9DyJrfacMOYYSrIctD-2BHZxx2ye8Q85jGURQ9VeT6i0vqDWxQ-2BdCuALmAQ2FNvSTOfNcF0-3D
1,0,0,0,0,0,43,0,0,0,0,0,0,0,0,0,0,0,0,0,0,1,0,0,1,0,0,0,0,0,0,0,0,-1,0,0,0,0,0,0,0,0,0,0,2,0,4,0,0,0,0,0,0,1,0,0,0,5,-1,0.0,0.0,0,https://lovemypopin.com/mtbonline/mtbonline
0,0,0,0,0,0,51,0,0,0,0,0,0,0,0,0,0,0,0,0,0,1,0,0,1,0,1,1,0,1,1,0,2,-1,0,0,0,0,0,0,0,0,0,1,4,0,6,0,0,0,0,0,0,1,0,0,0,2,-1,1606973407.0,1733203807.0,0,http://the-ly.com/wp-includes/sistance/sfr20/?clic=
0,0,0,0,1,0,82,0,0,0,0,0,0,0,0,0,0,0,0,0,0,1,0,0,4,0,0,0,0,0,0,0,0,2,1,2,0,0,0,0,0,0,0,0,3,0,5,0,0,0,0,0,0,1,0,0,0,2,-1,1405158771.0,1752317571.0,3600,http://u1125476a2o.ha004.t.justns.ru/x1GovCERTch/2e04f37c33d236014d8a47ea8ee243fa/
1,0,0,0,0,0,39,0,0,0,0,0,0,0,0,0,0,0,0,0,0,1,1,0,5,0,0,0,0,0,0,0,0,-1,0,0,0,0,0,0,0,0,0,0,1,0,3,0,0,0,0,0,0,1,0,0,0,0,-1,0.0,0.0,0,https://uncard.co.jp.xm1k5r.cn/404.html
0,0,0,0,0,0,46,0,0,0,0,0,0,0,0,0,0,0,0,0,0,1,0,0,4,0,0,0,0,0,0,0,0,-1,0,0,0,0,0,0,0,0,0,1,1,0,3,0,0,0,0,0,0,1,0,0,0,5,-1,0.0,0.0,0,http://www.ebay.com.supportsbooks.fun/blog?428
1,0,0,0,0,0,29,0,0,0,0,0,0,0,0,0,0,0,0,0,0,1,0,0,1,0,0,0,0,0,0,0,0,-1,0,0,0,0,0,0,0,0,0,0,2,0,4,0,0,0,0,0,0,1,0,0,0,1,-1,0.0,0.0,0,https://pipnxxcz.tk/pay/error
1,0,0,0,1,0,36,0,0,0,0,0,0,0,0,0,0,0,0,0,0,2,0,0,3,0,0,0,0,0,0,0,0,1,1,4,0,0,0,0,0,0,0,0,2,0,4,0,0,0,0,0,0,1,0,0,0,4,0,1185580800.0,1753660800.0,77,https://www.people.com.pk/images/FDX
1,0,0,0,1,0,1044,0,0,0,0,0,0,0,0,0,0,0,0,0,0,1,0,0,3,0,1,1,0,0,0,26,26,16,2,6,1,0,0,0,0,0,0,1,2,0,4,0,0,0,0,0,0,1,0,1,1,3,0,1240218563.0,1808212163.0,90,https://u20906245.ct.sendgrid.net/ls/click?upn=UO9k9AtPRC9weY6WyTb4xp024AiOZ-2B6B1Rxhsb2B1C6GdgnY2pGUzd-2BO86kBGXPbzOJs_CdP6KY-2Bz5y5d8H67vTJ6KgCq3Q-2Fn7hVeP27Lf8xWxjlDUfKuYlQYutXQ0bNUribKBKCxuTBEssWa5R8b7JIDzWzzXU0yCx1K9Cazyy52-2FVK1ubw0vwv8KDQPejGQFSG2EZGmotirsv8caZR5gb1S-2FdZvvl0IaSRz-2FAKGmJOx8ThEhvqseyEeKoHERRs9sZ5nzWOaTWkJBK7heihnNc5EDF-2BvjFx17kjRhTP-2Ftm6x3m7zlV9ND-2BnFcbcuzy0pZt8btBX4kAWoLwk89QgTQ03gtURTpyWPnnNH86OUMxPOal873GPhsthBpWTvj86ZJXwmfJfDg8yC8kA26UY1n3de9iHF3hseDTkOpJUmb1a69YOQUKKMPcVe6VtewBogtSMe7B0YyIRWzp931NhwPSsVS5dk03lj4D4fICQDs-2FckWfSKsyBk6oXiqEeZFauiVaamzIAC7wNoLOwzeqa5bFYfyK7P58tcrl7LUdxAlQTvyXbD5cAWsa1q-2Bh4gKXngUZZKgpl4umRkhHIaNlgqFYe8DyPff0-2FxAs3YbSatAU37a8r2KAC398IDdGXVoDa-2FYYV2CK3iRzIsPyGhuKpsuHla6gqd-2Bw1hrlWOoB8xDhqxZfgg86fOC9-2BUKVP0RePK4XMjdMPnpYJi02NenoQSIggxG5jdzjpSZUT-2FkV-2BKCCgJCCSWBlH07RjVWPy0v7KtKKGiHXzLxMCMYvZ2LERXPg7y5p7Mkgr8zQYzOuZmVRvI8nG-2FQLhtvD0i7EKREjh3lmqwRDE-2BugCLfHqZi8D9-2F1okvFQ2mqDvlp-2BuhCeCF-2FRxNC0cQ8fFFJORr4zuyCmKfjEC-2BHdNcqaFVuFVJzG5RuVEvmMl-2BPBHrXdjCbjWBXIV8Rc-3D
1,0,0,0,0,0,101,0,0,0,0,0,0,0,0,0,0,0,0,0,0,1,1,0,3,0,1,1,0,0,0,0,1,-1,0,0,1,0,0,0,0,0,0,1,1,0,3,0,0,0,0,0,0,1,0,0,0,4,-1,0.0,0.0,0,https://suspfacebookcom-05851104.nightaway.ca/connect.html?timelimit=0151c0f72d5ce196291e71c44e91aa7d
1,0,0,0,1,0,1040,0,0,0,0,0,0,0,0,0,0,0,0,0,0,1,0,0,3,0,1,1,0,0,0,25,25,16,2,6,1,0,0,0,0,0,0,1,2,0,4,0,0,0,0,0,0,1,0,1,1,3,0,1240218563.0,1808212163.0,90,https://u20906674.ct.sendgrid.net/ls/click?upn=RdeoQpFS5vOl44RSDkJlSdclVmg6-2FgxZGo8C-2BGcTbCr1u1EIwmBJR8yP9rQyUN6nlnr-_UH1vT0moy-2BD5BigUukPH1-2FEP8FGC-2BAlIojaZ5qVeuakLHFE43-2BxEDVg2OtoYBsKgyZMu62BU-2BclaFPekKiQ554vORebViOJMBLXkNiS-2B2nStBhrFpE2TnmvjUbyOXP70NdPXwy507aonenzuqtcOfuIojgvpCJNnDZrbZnpYc6GbswYhzBrXHqtHDiCCP10Re2i-2F5iIXUxP7INI2UCVg5LqZvlnHB7ZA0Aptf2pSg3ioUpA1V6uIau8DHpucIWEc-2Fl3LWHHd3yVPqq0ynKqGKRHAKC7hzL01XSOxQJZTyfqBaSkhKXVnojBLI1pcuoSToX8HtZCYxb08AiKzmgKBqLWd-2Fybv1grx9BZHWPiEZIWSDM64bh10EYSZWN6BBqr5WL8dAkiCDM0UP0hnAHTLSZ4vo8uodZogXI7LDMZLSuCO0bzV7UgUmz0lgRsEucpAzOQQYALKT5Nj5ZzPkXjGuehOgrzQPvDLTWfoLm47xPlZENaJIWs9PzT8TOgggiAWv3GLCjHi0JwEYSruuVTbos3fBI5GcHvq61lQworEIC9VgJq1x4FD-2FBie6OMqKKYUJ-2Fhj141UcLRCgxGrqyIKgdfcbySPvM6dJ7dgnwF19q5eU-2BPw3GogH9MuNEQjdJ3X3m50UP1mwC0wfgeVgR8y-2BqahHtQYZJWKJKz6Di6kd3qoFERPiXtx-2FN4-2FjIV6r8B7s-2BY9N4mrBX5qBNI64YNrwchVwqH55SFWMvyx26GRgYLxip-2B4a9Sp-2Fd-2B8lYWnEUdHabSBfMjaHuEH3cedxfwjAjwIBFEnOG4Qc4Skw68GpNU24wXG-2BVg1rIqfWoybOkBu5np2WjVJ6cMGOIG3c0NmDC3gfhWoWJo9xWdTM9m-2FgzI-3D
1,0,0,0,1,0,236,0,0,0,0,0,0,0,0,0,0,0,0,0,0,2,0,0,2,0,2,2,0,0,4,0,4,1,2,4,1,0,0,0,0,0,0,1,2,0,4,0,0,0,0,0,0,1,3,0,3,10,0,0.0,0.0,77,https://uniquetrophies.com.au/TO/authorize_client_id:5mcdyiol-2tfw-5ucx-y6ln-tf9ncm207s3j_qdtflm8gyzjcou7xrs5v1i3pwe942hbk6an0f4375mcuszo86pirhg19wdtqbvlykjnx2ea0o51ra8ywscz3p02kgnx96di7hjvf4tlmeubq?data=aW5mb0Bnb29kcmljaGdsb2JhbC5jb20=
0,0,0,0,0,0,29,0,0,0,0,0,0,0,0,0,0,0,0,0,0,1,0,0,1,0,0,0,0,1,0,0,1,-1,0,0,0,0,0,0,0,0,0,0,1,0,3,0,0,0,0,0,0,1,0,0,0,8,-1,0.0,0.0,0,http://billingfailure-o2.com/
0,0,0,0,1,0,49,0,0,0,0,0,0,0,0,0,0,0,0,0,0,1,0,0,1,0,0,0,0,0,1,0,1,1,5,2,0,0,0,0,0,0,0,0,3,0,5,0,0,0,0,0,0,1,0,0,0,3,1,1001992277.0,1759374677.0,377,http://edje.com/cmspagephotos/80-dj774h8dFY/Valid
0,0,0,0,0,0,95,0,0,0,0,0,0,0,0,0,0,0,0,0,0,1,1,1,4,0,1,1,0,0,1,0,1,-1,0,0,1,0,0,0,0,0,0,1,4,0,6,0,0,0,0,0,0,1,0,0,0,7,-1,1066480695.0,1760791095.0,0,http://www.creativecombat.com/wp-admin/network/acct/login.php?rand=13InboxLightaspxn.1774256418
1,0,0,0,0,0,63,0,0,0,0,0,0,0,0,0,0,0,0,0,0,1,6,0,11,0,0,0,0,1,0,0,1,-1,0,0,0,1,0,1,0,0,0,0,1,0,3,0,0,0,0,0,0,1,0,0,0,6,-1,1631952896.0,1758183296.0,0,https://secure.login.aliexpress.com.coin-balance.com/...x...x%A
0,0,0,0,1,0,59,0,0,0,0,0,0,0,0,0,0,0,0,0,0,2,1,0,3,0,0,0,0,0,2,0,2,1,1,3,0,0,0,0,0,0,0,0,5,0,7,0,0,0,0,0,0,1,0,0,0,2,-1,1066721611.0,1761032011.0,4502,http://mcns.co.za/.well-known/pki-validation/impots/Impots/
1,0,0,0,0,0,85,0,0,0,0,0,0,0,0,0,0,0,0,0,0,2,0,0,3,0,0,0,0,0,0,0,0,1,0,0,0,0,0,0,0,0,0,0,3,0,5,0,0,0,0,0,0,1,0,0,0,7,0,1191888000.0,1809302400.0,0,https://www.kristallsolucoes.com.br/ResgatePontosEsferaJuridico/y8R2trhcso4bhWs0g3RJ/
0,0,0,0,1,0,67,0,0,0,0,0,0,0,0,0,0,0,0,0,0,1,1,0,2,0,0,0,0,0,3,0,3,2,1,2,0,0,0,0,0,0,0,0,3,0,5,0,0,0,0,0,0,1,0,0,0,4,0,1726111543.0,1757647543.0,4502,http://jptechdocsign.net/Order-2019/Order-2017/ExcelOnline-SBS.html
0,0,0,0,0,0,66,0,0,0,0,0,0,0,0,0,0,0,0,0,0,2,0,0,3,0,0,0,0,0,0,0,0,-1,0,0,0,0,0,0,0,0,0,0,1,0,3,0,0,0,0,0,0,1,0,0,0,14,-1,0.0,0.0,0,http://usr.eaglecaravansaustralia.com.au/6d622d763bb9d5d46142c86c4
0,0,0,0,0,0,47,0,0,0,0,0,0,0,0,0,0,0,0,0,0,1,0,0,1,0,0,0,0,0,0,0,0,-1,0,0,0,0,0,0,0,0,0,0,3,0,5,0,0,0,0,0,0,1,0,0,0,7,-1,0.0,0.0,0,http://eamashoppigbill.org/mazon/a84ef/homepage
0,0,0,0,0,0,97,0,0,0,0,0,0,0,0,0,0,0,0,0,0,1,1,0,2,0,0,0,0,0,0,0,0,-1,0,0,0,0,0,0,0,0,0,1,1,0,3,0,0,0,0,0,0,1,0,0,0,4,-1,0.0,0.0,0,http://cellulify.com/lywxlqfpsc.html?jHBFdXEaZsXDFCYGvbHUbNIJnOnOnJIuhBgvvgfcfxdSEXzrdFCgvHBGVfcD
1,0,0,0,1,0,53,0,0,0,0,0,0,0,0,0,0,0,0,0,0,1,1,0,3,6,0,6,0,0,6,0,6,4,5,2,0,0,0,0,0,0,0,0,1,0,3,2,0,2,0,0,0,1,2,0,2,6,1,1479919543.0,1890146743.0,0,https://hmlkl.codesandbox.io/-=_=-=a-s=-a=-=- _ .html
0,0,0,0,0,0,164,0,0,0,0,0,0,0,0,0,0,0,0,0,0,1,0,0,4,0,0,0,0,0,0,4,5,-1,0,0,0,0,0,0,0,0,0,1,1,0,3,0,0,0,0,0,0,1,0,2,2,6,-1,1520633143.258,1741557943.258,0,http://5017870350767643729650178703507676437296.eu-gb.cf.appdomain.cloud/?92a6281f-d6ba-4907-aeb5-a668ae5df160vu053dh2qeswbhsnief4ol_vfrfmzw6hguoeswb_hsnief4olvfrfm
0,0,0,0,0,0,45,0,0,0,0,0,0,0,0,0,0,0,0,0,0,1,13,0,14,0,0,0,0,0,0,0,0,-1,0,0,0,0,0,0,0,0,0,0,1,0,3,0,0,0,0,0,0,1,0,0,0,5,-1,0.0,0.0,0,http://littlefoots.ru/litttle.php............
0,0,0,0,0,0,38,0,0,0,0,0,0,0,0,0,0,0,0,0,0,1,1,0,2,0,0,0,0,0,0,0,0,-1,0,0,0,0,0,0,0,0,0,0,2,0,4,0,0,0,0,0,0,1,0,0,0,5,-1,0.0,0.0,0,http://dsgcbeonline.com/eng/index.html
1,0,0,0,0,0,64,0,0,0,0,0,0,0,0,0,0,0,0,0,0,1,2,0,6,0,0,0,0,1,0,0,1,-1,0,0,0,0,0,0,0,0,0,0,2,0,4,0,0,0,0,0,0,1,0,0,0,6,-1,0.0,0.0,0,https://www.royalmail.co.uk-onlinetrack.com/banks/online.citi.eu
1,0,0,0,1,0,47,0,0,0,0,0,0,0,0,0,0,0,0,0,0,1,1,0,3,0,0,0,0,0,0,0,0,1,1,5,0,0,0,0,0,0,0,0,2,0,4,0,0,0,0,0,0,1,0,0,0,5,0,932342400.0,1752883200.0,4502,https://www.pipelife.se/service/pipeschool.html
1,0,0,0,1,0,67,0,0,0,0,0,0,0,0,0,0,0,0,0,0,1,1,0,3,0,0,0,0,0,0,0,0,3,5,4,0,0,0,0,0,0,0,0,6,0,8,0,0,0,0,0,0,1,0,0,0,7,0,1127927228.0,1885309628.0,77,https://www.crareastorage.com/bundles/rnl/themes/fluid/img/star.svg
1,0,0,0,0,0,62,0,0,0,0,0,0,0,0,0,0,0,0,0,0,1,0,0,2,0,0,0,0,0,2,0,2,1,0,0,0,0,0,0,0,0,0,0,2,0,4,0,0,0,0,0,0,1,0,0,0,7,1,1037016259.0,1825952659.0,0,https://www.enzoclinicallabs.com/quick-links/technical-updates
1,0,0,0,1,0,96,0,0,0,0,0,0,0,0,0,0,0,0,0,0,1,0,0,2,0,0,0,0,0,10,0,10,1,3,2,0,0,0,0,0,0,0,0,2,0,4,0,0,0,0,0,0,1,0,0,0,2,0,882748800.0,1741132800.0,1127,https://www.ugl.it/giuliano-elogi-ed-encomi-non-possono-piu-bastare-ora-riconoscimenti-concreti/
1,0,0,0,1,0,34,0,0,0,0,0,0,0,0,0,0,0,0,0,0,1,0,0,2,0,0,0,0,1,0,0,1,1,1,2,0,0,0,0,0,0,0,0,2,0,4,0,0,0,0,0,0,1,0,0,0,4,0,0.0,0.0,4502,https://www.md-consulting.de/feed/
1,0,0,0,1,0,49,0,0,0,0,0,0,0,0,0,0,0,0,0,0,2,0,0,3,0,0,0,0,1,0,0,1,1,2,2,0,0,0,0,0,0,0,0,3,0,5,0,0,0,0,0,0,1,0,0,0,7,0,871603200.0,0.0,452,https://www.nankai-densetsu.co.jp/company/access/
1,0,0,0,1,0,34,0,0,0,0,0,0,0,0,0,0,0,0,0,0,1,0,0,2,0,0,0,0,0,0,0,0,1,1,2,0,0,0,0,0,0,0,0,1,0,3,0,0,0,0,0,0,1,0,0,0,5,2,1521974331.0,1742985531.0,377,https://www.iranrasmi.com/agencies
1,0,0,0,0,0,51,0,0,0,0,0,0,0,0,0,0,0,0,0,0,1,0,0,2,0,0,0,0,0,1,0,1,2,0,0,0,0,0,0,0,0,0,0,2,0,4,0,0,0,0,0,0,1,0,0,0,3,0,1429207803.0,1744827003.0,0,https://www.myharborwm.com/resource-center/articles
1,0,0,0,1,0,27,0,0,0,0,0,0,0,0,0,0,0,0,0,0,1,0,0,2,0,0,0,0,0,0,0,0,2,1,2,0,0,0,0,0,0,0,0,2,0,4,0,0,0,0,0,0,1,0,0,0,3,0,1037862120.0,1732172520.0,4502,https://www.fiind.com/blog/
1,0,0,0,0,0,47,0,0,0,0,0,0,0,0,0,0,0,0,0,0,1,1,0,3,0,0,0,0,1,0,0,1,-1,0,0,0,0,0,0,0,0,0,0,3,0,5,0,0,0,0,0,0,1,2,0,2,2,0,965050642.0,1753936938.0,0,https://www.e-nst.com/nst/agn_sites/index_1.asp
1,0,0,0,1,0,70,0,0,0,0,0,0,0,0,0,0,0,0,0,0,1,1,0,3,0,0,0,0,0,3,0,3,1,1,2,0,0,0,0,0,0,0,0,4,0,6,0,0,0,0,0,0,1,0,0,0,5,1,975542400.0,1758326400.0,1127,https://www.rotocamis.it/it/downloads/33109-2703-0/area-riservata.aspx
1,0,0,0,1,0,21,0,0,0,0,0,0,0,0,0,0,0,0,0,0,1,0,0,2,0,0,0,0,0,0,0,0,1,1,5,0,0,0,0,0,0,0,0,1,0,3,0,0,0,0,0,0,1,0,0,0,3,0,622684800.0,1816992000.0,4502,https://www.umsl.edu/
1,0,0,0,1,0,38,0,0,0,0,0,0,0,0,0,0,0,0,0,0,1,1,0,3,0,0,0,0,0,0,0,0,1,1,2,0,0,0,0,0,0,0,0,1,0,3,0,0,0,0,0,0,1,0,0,0,6,0,1150100875.0,1749716875.0,4502,https://www.inavenues.com/solution.php
1,0,0,0,1,0,58,0,0,0,0,0,0,0,0,0,0,0,0,0,0,1,0,0,2,0,0,0,0,0,2,0,2,2,2,2,0,0,0,0,0,0,0,0,3,0,5,0,0,0,0,0,0,1,0,0,0,5,0,863582400.0,1778817600.0,1127,https://www.longpainting.com/service-type/marine-services/
1,0,0,0,1,0,33,0,0,0,0,0,0,0,0,0,0,0,0,0,0,1,0,0,2,0,0,0,0,0,0,0,0,1,3,3,0,0,0,0,0,0,0,0,1,0,3,0,0,0,0,0,0,1,0,0,0,8,0,1208142201.0,1744599801.0,377,https://www.pentanasolutions.com/
1,0,0,0,1,0,41,0,0,0,0,0,0,0,0,0,0,0,0,0,0,1,0,0,2,0,0,0,0,0,0,0,1,2,5,3,0,0,0,0,0,0,0,0,2,0,4,0,0,0,0,0,0,1,0,0,0,2,0,949651080.0,1865289600.0,4502,https://first-minute.zajezdy.cz/madarsko/
1,0,0,0,1,0,26,0,0,0,0,0,0,0,0,0,0,0,0,0,0,1,0,0,2,0,0,0,0,0,0,0,0,4,1,3,0,0,0,0,0,0,0,0,1,0,3,0,0,0,0,0,0,1,0,0,0,4,0,0.0,0.0,752,https://www.jobcafe.de/faq
1,0,0,0,1,0,35,0,0,0,0,0,0,0,0,0,0,0,0,0,0,1,1,0,3,0,0,0,0,0,0,0,0,1,1,2,0,0,0,0,0,0,0,0,1,0,3,0,0,0,0,0,0,1,0,0,0,3,0,0.0,0.0,377,https://www.standex.de/kontakt.html
1,0,0,0,1,0,33,0,0,0,0,0,0,0,0,0,0,0,0,0,0,1,0,0,2,0,0,0,0,1,0,0,1,1,1,3,0,0,0,0,0,0,0,0,1,0,3,0,0,0,0,0,0,1,0,0,0,4,0,0.0,0.0,4502,https://www.kapos-net.hu/internet
1,0,0,0,1,0,19,0,0,0,0,0,0,0,0,0,0,0,0,0,0,1,0,0,2,0,0,0,0,0,0,0,0,1,1,2,0,0,0,0,0,0,0,0,1,0,3,0,0,0,0,0,0,1,0,0,0,2,0,662688000.0,1756598400.0,1127,https://www.sgo.fi/
1,0,0,0,1,0,33,0,0,0,0,0,0,0,0,0,0,0,0,0,0,1,0,0,2,0,0,0,0,0,0,0,0,1,2,6,0,0,0,0,0,0,0,0,1,0,3,0,0,0,0,0,0,1,0,0,0,3,0,1080155308.0,1837534108.0,2252,https://www.afncorp.com/checklist
1,0,0,0,1,0,38,0,0,0,0,0,0,0,0,0,0,0,0,0,0,1,0,0,2,0,0,0,0,0,0,0,0,4,1,3,0,0,0,0,0,0,0,0,1,0,3,0,0,0,0,0,0,1,0,0,0,6,0,1023385838.0,2033229038.0,4502,https://www.uwmedicine.org/coronavirus
1,0,0,0,1,0,50,0,0,0,0,0,0,0,0,0,0,0,0,0,0,1,1,0,3,0,0,0,0,0,2,0,2,1,5,2,0,0,0,0,0,0,0,0,1,0,3,0,0,0,0,0,0,1,0,0,0,4,0,1380893900.0,1759585100.0,752,https://www.claritasrx.com/board-of-directors.html
1,0,0,0,0,0,40,0,0,0,0,0,0,0,0,0,0,0,0,0,0,1,1,0,3,0,0,0,0,0,2,0,2,-1,0,0,0,0,0,0,0,0,0,0,1,0,3,0,0,0,0,0,0,1,0,0,0,3,1,0.0,0.0,0,https://www.kopas.at/de-sitemap-107.html
1,0,0,0,1,0,40,0,0,0,0,0,0,0,0,0,0,0,0,0,0,1,0,0,2,0,0,0,0,0,0,0,0,2,3,2,0,0,0,0,0,0,0,0,2,0,4,0,0,0,0,0,0,1,0,0,0,7,1,0.0,0.0,189,https://www.autokieschnick.de/standorte/
1,0,0,0,1,0,42,0,0,0,0,0,0,0,0,0,0,0,0,0,0,1,0,0,2,0,0,0,0,0,1,0,1,1,1,3,0,0,0,0,0,0,0,0,1,0,3,0,0,0,0,0,0,1,0,0,0,2,0,923450400.0,1760140800.0,4502,https://www.matyska.cz/internetove-obchody
1,0,0,0,1,0,57,0,0,0,0,0,0,0,0,0,0,0,0,0,0,1,0,0,2,0,0,0,0,0,3,0,3,1,1,2,0,0,0,0,0,0,0,0,1,0,3,0,0,0,0,0,0,1,0,0,0,5,0,1201814063.0,1738358063.0,4502,https://www.rocanetworks.com/roca-networks-privacy-policy
1,0,0,0,1,0,69,0,0,0,0,0,0,0,0,0,0,0,0,0,0,1,0,0,2,0,0,0,0,0,2,0,2,1,1,3,0,0,0,0,0,0,0,0,3,0,5,0,0,0,0,0,0,1,0,0,0,7,0,1266537600.0,0.0,2252,https://www.datacentergroningen.nl/dataruimte/contract-en-facturatie/
1,0,0,0,0,0,44,0,0,0,0,0,0,0,0,0,0,0,0,0,0,1,0,0,2,0,0,0,0,0,1,0,1,4,2,2,0,0,0,0,0,0,0,0,1,0,3,0,0,0,0,0,0,1,0,0,0,7,0,1038431791.0,2048274991.0,152,https://www.blackbearburritos.com/contact-us
1,0,0,0,1,0,40,0,0,0,0,0,0,0,0,0,0,0,0,0,0,1,0,0,2,0,0,0,0,0,1,0,1,1,4,3,0,0,0,0,0,0,0,0,2,0,4,0,0,0,0,0,0,1,0,0,0,3,0,937440000.0,0.0,752,https://www.masugro.nl/service-aanvraag/
1,0,0,0,1,0,37,0,0,0,0,0,0,0,0,0,0,0,0,0,0,1,0,0,2,0,0,0,0,0,1,0,1,8,1,4,0,0,0,0,0,0,0,0,3,0,5,0,0,0,0,0,0,1,0,0,0,4,0,1292833597.0,1766188799.0,4502,https://www.sisthema.biz/pt/home-por/
1,0,0,0,1,0,57,0,0,0,0,0,0,0,0,0,0,0,0,0,0,1,1,0,3,0,0,0,0,1,1,0,2,1,1,2,0,0,0,0,0,0,0,0,2,0,4,0,0,0,0,0,0,1,0,0,0,5,0,0.0,0.0,152,https://www.com-active.de/Software/Web-Applikationen.aspx
1,0,0,0,1,0,32,0,0,0,0,0,0,0,0,0,0,0,0,0,0,1,1,0,3,0,0,0,0,0,0,0,0,1,1,3,0,0,0,0,0,0,0,0,1,0,3,0,0,0,0,0,0,1,0,0,0,3,0,806990400.0,1753675200.0,377,https://www.gaunt.com/index.html
1,0,0,0,1,0,32,0,0,0,0,0,0,0,0,0,0,0,0,0,0,1,0,0,2,0,0,0,0,0,0,0,0,1,1,2,0,0,0,0,0,0,0,0,2,0,4,0,0,0,0,0,0,1,0,0,0,3,0,895622400.0,1757808000.0,4502,https://www.marasrl.it/progetti/
1,0,0,0,1,0,42,0,0,0,0,0,0,0,0,0,0,0,0,0,0,1,1,0,3,0,0,0,0,0,0,0,0,1,2,2,0,0,0,0,0,0,0,0,1,0,3,0,0,0,0,0,0,1,1,0,1,6,0,1321878860.0,1763728460.0,752,https://www.moorecocpa.com/contact_us.html
1,0,0,0,1,0,22,0,0,0,0,0,0,0,0,0,0,0,0,0,0,1,0,0,2,0,0,0,0,0,0,0,0,1,2,2,0,0,0,0,0,0,0,0,1,0,3,0,0,0,0,0,0,1,0,0,0,2,1,1233680629.0,1738602229.0,4502,https://www.brhas.com/
1,0,0,0,1,0,54,0,0,0,0,0,0,0,0,0,0,0,0,0,0,1,1,0,3,0,0,0,0,0,1,0,1,1,2,2,0,0,0,0,0,0,0,0,1,0,3,0,0,0,0,0,0,1,0,0,0,8,0,928418245.0,1780495083.0,377,https://www.fridayharborhouse.com/wedding-packages.php
1,0,0,0,1,0,28,0,0,0,0,0,0,0,0,0,0,0,0,0,0,1,0,0,2,0,0,0,0,0,0,0,0,1,1,3,0,0,0,0,0,0,0,0,1,0,3,0,0,0,0,0,0,1,0,0,0,4,0,0.0,0.0,4502,https://www.klinikhohmad.ch/
1,0,0,0,1,0,24,0,0,0,0,0,0,0,0,0,0,0,0,0,0,1,0,0,2,0,0,0,0,0,0,0,0,1,1,2,0,0,0,0,0,0,0,0,1,0,3,0,0,0,0,0,0,1,0,0,0,3,3,0.0,0.0,4502,https://www.netfocus.gr/
1,0,0,0,1,0,54,0,0,0,0,0,0,0,0,0,0,0,0,0,0,2,0,0,3,0,0,0,0,0,3,0,3,2,2,2,0,0,0,0,0,0,0,0,3,0,5,0,0,0,0,0,0,1,0,0,0,9,0,0.0,0.0,4502,https://www.allinteractive.com.au/who-we-are/our-team/
1,0,0,0,1,0,37,0,0,0,0,0,0,0,0,0,0,0,0,0,0,1,0,0,2,0,0,0,0,0,0,0,0,4,1,2,0,0,0,0,0,0,0,0,1,0,3,0,0,0,0,0,0,1,0,0,0,5,-1,1176384122.0,1744464122.0,377,https://www.draphixdirect.com/aboutus
1,0,0,0,1,0,43,0,0,0,0,0,0,0,0,0,0,0,0,0,0,1,0,0,2,0,0,0,0,0,1,0,1,1,5,2,0,0,0,0,0,0,0,0,3,0,5,0,0,0,0,0,0,1,0,0,0,3,1,1019499041.0,1745345441.0,377,https://www.cloudb.com/us/shop/dreamy-deals
1,0,0,0,1,0,59,0,0,0,0,0,0,0,0,0,0,0,0,0,0,1,0,0,2,0,0,0,0,0,4,0,4,1,1,2,0,0,0,0,0,0,0,0,2,0,4,0,0,0,0,0,0,1,0,0,0,5,0,853545600.0,1770015599.0,2252,https://www.straightline.com/my-retirement-account-at-work/
0,0,0,0,1,0,33,0,0,0,0,0,0,0,0,0,0,0,0,0,0,1,1,0,3,0,0,0,0,0,0,0,0,1,5,4,0,0,0,0,0,0,0,0,1,0,3,0,0,0,0,0,0,1,0,0,0,2,2,660355200.0,1785456000.0,4502,http://www.css.edu/academics.html
1,0,0,0,1,0,22,0,0,0,0,0,0,0,0,0,0,0,0,0,0,1,0,0,2,0,0,0,0,0,0,0,0,1,2,2,0,0,0,0,0,0,0,0,1,0,3,0,0,0,0,0,0,1,0,0,0,2,1,1003348030.0,1760748430.0,752,https://www.nistx.com/
1,0,0,0,0,0,43,0,0,0,0,0,0,0,0,0,0,0,0,0,0,1,0,0,1,0,0,0,0,0,2,0,2,1,0,0,0,0,0,0,0,0,0,0,2,0,4,0,0,0,0,0,0,1,0,0,0,3,0,1030012378.0,1755876779.0,0,https://mtsunews.com/retirees-honored-2021/
1,0,0,0,1,0,29,0,0,0,0,0,0,0,0,0,0,0,0,0,0,2,0,0,3,0,0,0,0,0,0,0,0,1,1,4,0,0,0,0,0,0,0,0,1,0,3,0,0,0,0,0,0,1,0,0,0,5,0,1124064000.0,0.0,377,https://www.w2solution.co.jp/
1,0,0,0,1,0,52,0,0,0,0,0,0,0,0,0,0,0,0,0,0,1,0,0,2,0,0,0,0,0,1,0,1,1,1,2,0,0,0,0,0,0,0,0,3,0,5,0,0,0,0,0,0,1,0,0,0,4,0,818467200.0,1765170000.0,4502,https://www.cocentral.com/services/managed-services/
1,0,0,0,1,0,49,0,0,0,0,0,0,0,0,0,0,0,0,0,0,1,0,0,2,0,0,0,0,0,0,0,0,1,1,4,0,0,0,0,0,0,0,0,3,0,5,0,0,0,0,0,0,1,1,0,1,4,0,1151328955.0,1751467638.0,4502,https://www.ensiie.fr/fise/formation_partenariat/
1,0,0,0,1,0,38,0,0,0,0,0,0,0,0,0,0,0,0,0,0,1,0,0,2,0,0,0,0,0,0,0,0,2,1,2,0,0,0,0,0,0,0,0,2,0,4,0,0,0,0,0,0,1,0,0,0,5,3,1008028800.0,0.0,4502,https://www.protestantsekerk.nl/thema/
1,0,0,0,1,0,53,0,0,0,0,0,0,0,0,0,0,0,0,0,0,2,0,0,3,0,0,0,0,0,1,0,1,1,1,4,0,0,0,0,0,0,0,0,3,0,5,0,0,0,0,0,0,1,0,0,0,7,1,0.0,0.0,377,https://www.aisbrokers.com.au/chartering/imo-cargoes/
1,0,0,0,1,0,39,0,0,0,0,0,0,0,0,0,0,0,0,0,0,1,0,0,2,0,0,0,0,0,0,0,0,1,1,2,0,0,0,0,0,0,8,9,1,1,4,0,0,0,0,0,0,1,0,0,0,6,10,991050325.0,1748432725.0,4502,https://www.atacomputers.net/?????????/
1,0,0,0,1,0,41,0,0,0,0,0,0,0,0,0,0,0,0,0,0,1,0,0,2,0,0,0,0,0,0,0,0,1,2,3,0,0,0,0,0,0,0,0,2,0,4,0,0,0,0,0,0,1,0,0,0,2,1,961817460.0,1782259200.0,2252,https://www.vidox.cz/reference/novostavby
1,0,0,0,1,0,59,0,0,0,0,0,0,0,0,0,0,0,0,0,0,1,0,0,2,0,0,0,0,0,3,0,3,4,1,2,0,0,0,0,0,0,0,0,3,0,5,0,0,0,0,0,0,1,0,0,0,1,0,842587200.0,1757649600.0,377,https://www.mbvt.com/personal-banking/checking-and-savings/
1,0,0,0,1,0,32,0,0,0,0,0,0,0,0,0,0,0,0,0,0,1,0,0,2,0,0,0,0,0,0,0,0,1,1,2,0,0,0,0,0,0,0,0,2,0,4,0,0,0,0,0,0,1,0,0,0,4,0,826520400.0,1741752000.0,1127,https://www.pennoni.com/careers/
1,0,0,0,0,0,32,0,0,0,0,0,0,0,0,0,0,0,0,0,0,1,0,0,2,0,0,0,0,1,0,0,1,2,0,0,0,0,0,0,0,0,0,0,1,0,3,0,0,0,0,0,0,1,0,0,0,7,0,1196738348.0,1764818348.0,0,https://www.total-petroleum.com/
1,0,0,0,1,0,39,0,0,0,0,0,0,0,0,0,0,0,0,0,0,1,0,0,2,0,0,0,0,0,1,0,1,4,5,2,0,0,0,0,0,0,0,0,2,0,4,0,0,0,0,0,0,1,0,0,0,4,0,1458818443.0,1742860799.0,377,https://www.hostingan.id/power-hosting/
1,0,0,0,0,0,42,0,0,0,0,0,0,0,0,0,0,0,0,0,0,1,1,0,3,0,0,0,0,0,0,0,0,4,2,2,0,0,0,0,0,0,0,0,1,0,3,0,0,0,0,0,0,1,0,0,0,6,0,1013792112.0,1739638512.0,377,https://www.bobkesslerceu.com/AboutUs.aspx
1,0,0,0,1,0,44,0,0,0,0,0,0,0,0,0,0,0,0,0,0,1,0,0,2,0,0,0,0,0,0,0,0,1,1,4,0,0,0,0,0,0,0,0,2,0,4,0,0,0,0,0,0,1,0,0,0,10,0,819522000.0,1797742800.0,77,https://www.signatureassociates.com/careers/
1,0,0,0,1,0,35,0,0,0,0,0,0,0,0,0,0,0,0,0,0,1,0,0,2,0,0,0,0,0,0,0,0,1,1,4,0,0,0,0,0,0,0,0,1,0,3,0,0,0,0,0,0,1,0,0,0,8,0,1300471985.0,1742321585.0,2252,https://www.iciconstructioninc.com/
1,0,0,0,1,0,33,0,0,0,0,0,0,0,0,0,0,0,0,0,0,1,0,0,2,0,0,0,0,0,0,0,0,6,5,2,0,0,0,0,0,0,0,0,1,0,3,0,0,0,0,0,0,1,0,0,0,4,0,1090089141.0,1752777141.0,377,https://www.bluewall.com/services
1,0,0,0,0,0,49,0,0,0,0,0,0,0,0,0,0,0,0,0,0,1,0,0,2,0,0,0,0,1,0,0,1,-1,0,0,0,0,0,0,0,0,0,0,2,0,4,0,0,0,0,0,0,1,0,0,0,9,-1,0.0,0.0,0,https://www.ismeca-semiconductor.net/qiyedongtai/
1,0,0,0,1,0,44,0,0,0,0,0,0,0,0,0,0,0,0,0,0,1,0,0,2,0,0,0,0,0,0,0,0,1,1,4,0,0,0,0,0,0,0,0,2,0,4,0,0,0,0,0,0,1,0,0,0,8,3,917240400.0,1737781200.0,4502,https://www.profitableideas.com/communities/
1,0,0,0,1,0,41,0,0,0,0,0,0,0,0,0,0,0,0,0,0,1,1,0,3,0,0,0,0,0,0,0,0,1,1,4,0,0,0,0,0,0,0,0,2,0,4,0,0,0,0,0,0,1,2,0,2,1,0,999100800.0,1756553285.0,4502,https://www.rdcw.com/zh_cn/about_pay.html
1,0,0,0,1,0,42,0,0,0,0,0,0,0,0,0,0,0,0,0,0,1,1,0,3,0,0,0,0,0,1,0,1,2,2,6,0,0,0,0,0,0,0,0,1,0,3,0,0,0,0,0,0,1,0,0,0,3,1,812174400.0,2011320000.0,377,https://www.astho.org/Member-Services.aspx
1,0,0,0,1,0,24,0,0,0,0,0,0,0,0,0,0,0,0,0,0,1,0,0,2,0,0,0,0,0,0,0,0,2,2,4,0,0,0,0,0,0,0,0,1,0,3,0,0,0,0,0,0,1,0,0,0,1,1,808804800.0,2039486400.0,377,https://www.ttp.com/work
1,0,0,0,1,0,49,0,0,0,0,0,0,0,0,0,0,0,0,0,0,1,0,0,2,0,0,0,0,0,0,0,0,1,1,4,0,0,0,0,0,0,0,0,3,0,5,0,0,0,0,0,0,1,0,0,0,4,0,0.0,0.0,752,https://www.scansonic.de/kontakt/ansprechpartner/
1,0,0,0,1,0,39,0,0,0,0,0,0,0,0,0,0,0,0,0,0,1,0,0,2,0,0,0,0,0,0,0,0,1,1,2,0,0,0,0,0,0,0,0,3,0,5,0,0,0,0,0,0,1,0,0,0,4,0,1136851200.0,1736467200.0,4502,https://www.netatwork.it/comments/feed/
1,0,0,0,1,0,54,0,0,0,0,0,0,0,0,0,0,0,0,0,0,1,0,0,2,0,0,0,0,0,2,0,2,1,2,2,0,0,0,0,0,0,0,0,2,0,4,0,0,0,0,0,0,1,0,0,0,6,0,975964136.0,1756559752.0,1127,https://www.hanovercounty.gov/673/Hanover-Social-Media
1,0,0,0,1,0,34,0,0,0,0,0,0,0,0,0,0,0,0,0,0,1,0,0,2,0,0,0,0,0,0,0,0,1,1,2,0,0,0,0,0,0,0,0,1,0,3,0,0,0,0,0,0,1,0,0,0,5,1,818917200.0,1765602000.0,4502,https://www.polyscience.com/events
1,0,0,0,1,0,19,0,0,0,0,0,0,0,0,0,0,0,0,0,0,1,0,0,2,0,0,0,0,0,0,0,0,1,2,2,0,0,0,0,0,0,0,0,1,0,3,0,0,0,0,0,0,1,0,0,0,1,0,0.0,0.0,4502,https://www.gbv.at/
1,0,0,0,1,0,49,0,0,0,0,0,0,0,0,0,0,0,0,0,0,2,1,0,4,0,0,0,0,1,1,0,2,1,1,3,0,0,0,0,0,0,0,0,1,0,3,0,0,0,0,0,0,1,0,0,0,5,0,889574400.0,0.0,4502,https://www.shinei-net.co.jp/business-design.html
1,0,0,0,1,0,103,0,0,0,0,0,0,0,0,0,0,0,0,0,0,1,0,0,2,0,0,0,0,0,6,0,6,1,2,2,0,0,0,0,0,0,0,0,5,0,7,0,0,0,0,0,0,1,0,0,0,4,0,936289245.0,1829995002.0,4502,https://www.speedcast.com/newsroom/press-releases/2020/speedcast-launches-next-generation-iot-platform/
1,0,0,0,1,0,34,0,0,0,0,0,0,0,0,0,0,0,0,0,0,2,0,0,3,0,0,0,0,0,0,0,0,1,2,2,0,0,0,0,0,0,0,0,1,0,3,0,0,0,0,0,0,1,0,0,0,5,1,825897600.0,0.0,4502,https://www.nakazawa.co.jp/product
1,0,0,0,1,0,63,0,0,0,0,0,0,0,0,0,0,0,0,0,0,1,0,0,2,0,0,0,0,0,2,0,2,4,1,2,0,0,0,0,0,0,0,0,3,0,5,0,0,0,0,0,0,1,0,0,0,4,0,865742400.0,2001729600.0,377,https://www.proconsystems.com/product-category/dust-monitoring/
1,0,0,0,1,0,49,0,0,0,0,0,0,0,0,0,0,0,0,0,0,2,0,0,3,0,0,0,0,0,0,0,0,1,1,2,0,0,0,0,0,0,0,0,3,0,5,0,0,0,0,0,0,1,0,0,0,7,1,965865600.0,1942272000.0,4502,https://www.grajaunetfibras.com.br/comments/feed/
1,0,0,0,1,0,41,0,0,0,0,0,0,0,0,0,0,0,0,0,0,1,0,0,2,0,0,0,0,0,1,0,1,1,5,2,0,0,0,0,0,0,0,0,1,0,3,0,0,0,0,0,0,1,0,0,0,5,0,1204739108.0,1741196708.0,2252,https://www.saugususd.org/Governing-Board
1,0,0,0,0,0,22,0,0,0,0,0,0,0,0,0,0,0,0,0,0,1,0,0,2,0,0,0,0,0,0,0,0,1,0,0,0,0,0,0,0,0,0,0,1,0,3,0,0,0,0,0,0,1,0,0,0,4,-1,1413137045.0,1760292245.0,0,https://www.jiiva.com/
1,0,0,0,1,0,26,0,0,0,0,0,0,0,0,0,0,0,0,0,0,1,0,0,2,0,0,0,0,0,0,0,0,2,5,4,0,0,0,0,0,0,0,0,1,0,3,0,0,0,0,0,0,1,0,0,0,3,0,0.0,0.0,77,https://my.fibair.gr/ebill
1,0,0,0,1,0,48,0,0,0,0,0,0,0,0,0,0,0,0,0,0,1,0,0,2,0,0,0,0,0,2,0,2,2,2,2,0,0,0,0,0,0,0,0,2,0,4,0,0,0,0,0,0,1,0,0,0,5,0,967111868.0,1756030268.0,4502,https://www.accordcarton.com/the-accord-process/
1,0,0,0,1,0,46,0,0,0,0,0,0,0,0,0,0,0,0,0,0,1,1,0,3,0,0,0,0,0,0,0,0,4,1,2,0,0,0,0,0,0,0,0,1,0,3,0,0,0,0,0,0,1,0,0,0,8,0,1114696804.0,1808920804.0,377,https://www.juryandassociates.com/contact.html
1,0,0,0,1,0,31,0,0,0,0,0,0,0,0,0,0,0,0,0,0,1,0,0,2,0,0,0,0,1,0,0,1,8,1,4,0,0,0,0,0,0,0,0,2,0,4,0,0,0,0,0,0,1,0,0,0,3,0,1417101960.0,1764257160.0,4502,https://www.fv-kupplung.com/fr/
1,0,0,0,1,0,30,0,0,0,0,0,0,0,0,0,0,0,0,0,0,2,0,0,3,0,0,0,0,0,0,0,0,1,1,3,0,0,0,0,0,0,0,0,2,0,4,0,0,0,0,0,0,1,0,0,0,1,0,842918400.0,0.0,377,https://www.ysl.co.jp/company/
1,0,0,0,1,0,49,0,0,0,0,0,0,0,0,0,0,0,0,0,0,1,0,0,2,0,0,0,0,0,1,0,1,1,1,5,0,0,0,0,0,0,0,0,1,0,3,0,0,0,0,0,0,1,0,0,0,4,0,1225486800.0,1761944400.0,752,https://www.reformagkh.ru/communal-infrastructure
1,0,0,0,0,0,32,0,0,0,0,0,0,0,0,0,0,0,0,0,0,1,0,0,2,0,0,0,0,0,0,0,0,1,0,0,0,0,0,0,0,0,0,0,2,0,4,0,0,0,0,0,0,1,0,0,0,2,0,819435600.0,1923886800.0,0,https://www.fox.com/housebroken/
1,0,0,0,1,0,35,0,0,0,0,0,0,0,0,0,0,0,0,0,0,1,0,0,2,0,0,0,0,0,0,0,0,1,1,2,0,0,0,0,0,0,0,0,1,0,3,0,0,0,0,0,0,1,0,0,0,5,1,826156800.0,1993852800.0,752,https://www.ontheborder.com/contact
1,0,0,0,1,0,48,0,0,0,0,0,0,0,0,0,0,0,0,0,0,1,0,0,2,0,0,0,0,0,0,0,0,1,1,2,0,0,0,0,0,0,0,0,3,0,5,0,0,0,0,0,0,1,0,0,0,6,0,1039201480.0,1765047880.0,4502,https://www.forestenchantment.com/comments/feed/
1,0,0,0,0,0,68,0,0,0,0,0,0,0,0,0,0,0,0,0,0,1,0,0,2,0,0,0,0,0,5,0,5,1,0,0,0,0,0,0,0,0,0,0,1,0,3,0,0,0,0,0,0,1,0,0,0,8,0,1279100858.0,1752486458.0,0,https://www.globalmortgageloans.com/how-much-can-i-afford-calculator
1,0,0,0,1,0,27,0,0,0,0,0,0,0,0,0,0,0,0,0,0,1,0,0,2,0,0,0,0,0,0,0,0,2,2,3,0,0,0,0,0,0,0,0,1,0,3,0,0,0,0,0,0,1,0,0,0,4,0,1368990190.0,1747681390.0,4502,https://www.diondo.com/jobs
1,0,0,0,1,0,69,0,0,0,0,0,0,0,0,0,0,0,0,0,0,1,1,0,3,0,0,0,0,0,2,0,2,4,1,2,0,0,0,0,0,0,0,0,1,0,3,0,0,0,0,0,0,1,0,0,0,7,0,1301506320.0,1743355920.0,377,https://www.forwardslashtechnology.com/network-security-auditing.html
1,0,0,0,1,0,23,0,0,0,0,0,0,0,0,0,0,0,0,0,0,1,0,0,2,0,0,0,0,0,0,0,0,1,1,2,0,0,0,0,0,0,0,0,1,0,3,0,0,0,0,0,0,1,0,0,0,3,1,1516640441.0,1737504000.0,1127,https://www.r1group.it/
1,0,0,0,1,0,55,0,0,0,0,0,0,0,0,0,0,0,0,0,0,1,0,0,2,0,0,0,0,0,1,0,1,2,1,3,0,0,0,0,0,0,0,0,2,0,4,0,0,0,0,0,0,1,0,0,0,2,0,1434844800.0,0.0,4502,https://www.ergon.nl/werkgevers/ergon-werkleerbedrijven
1,0,0,0,1,0,34,0,0,0,0,0,0,0,0,0,0,0,0,0,0,1,0,0,2,0,0,0,0,0,0,0,0,1,1,2,0,0,0,0,0,0,0,0,2,0,4,0,0,0,0,0,0,1,0,0,0,6,0,907542000.0,1759532400.0,752,https://www.roseaircraft.com/feed/
1,0,0,0,1,0,31,0,0,0,0,0,0,0,0,0,0,0,0,0,0,2,0,0,3,0,0,0,0,0,0,0,0,4,1,2,0,0,0,0,0,0,0,0,1,0,3,0,0,0,0,0,0,1,0,0,0,5,0,0.0,0.0,377,https://www.guardian.co.tz/home
1,0,0,0,1,0,35,0,0,0,0,0,0,0,0,0,0,0,0,0,0,1,0,0,2,0,0,0,0,0,1,0,1,1,2,2,0,0,0,0,0,0,0,0,2,0,4,0,0,0,0,0,0,1,0,0,0,4,0,967222476.0,1820127599.0,752,https://www.olicon.com/giving-back/
1,0,0,0,1,0,60,0,0,0,0,0,0,0,0,0,0,0,0,0,0,1,1,0,3,0,0,0,0,0,2,0,2,1,2,3,0,0,0,0,0,0,0,0,3,0,5,0,0,0,0,0,0,1,0,0,0,3,0,0.0,0.0,4502,https://www.snogard.de/kategorie/4/Hardware-bei-SNOGARD.html
0,0,0,0,1,0,42,0,0,0,0,0,0,0,0,0,0,0,0,0,0,2,0,0,3,0,0,0,0,0,1,0,1,1,7,2,0,0,0,0,0,0,0,0,1,0,3,0,0,0,0,0,0,1,0,0,0,6,1,1003968000.0,1824940799.0,4502,http://www.fucsalud.edu.co/formulario-PQRS
1,0,0,0,1,0,27,0,0,0,0,0,0,0,0,0,0,0,0,0,0,2,0,0,3,0,0,0,0,0,0,0,0,4,1,2,0,0,0,0,0,0,0,0,1,0,3,0,0,0,0,0,0,1,0,0,0,3,0,880675200.0,1882915200.0,377,https://www.nextron.com.hk/
1,0,0,0,1,0,57,0,0,0,0,0,0,0,0,0,0,0,0,0,0,1,0,0,2,0,0,0,0,0,1,0,1,1,2,2,0,0,0,0,0,0,0,0,5,0,7,0,0,0,0,0,0,1,0,0,0,7,0,843710400.0,1818244799.0,377,https://www.medisolution.com/en/company/media/press-room/
1,0,0,0,1,0,41,0,0,0,0,0,0,0,0,0,0,0,0,0,0,1,0,0,2,0,0,0,0,0,0,0,0,1,5,5,0,0,0,0,0,0,0,0,2,0,4,0,0,0,0,0,0,1,0,0,0,5,0,917586000.0,1769662800.0,2252,https://www.tech4learning.com/t4l/company
